{"RMSE":{"f1":17.8799117204,"f2":20.1250252097,"f3":24.3021589719,"f4":32.851920468,"f5":37.0220549016,"f6":44.2215318588,"f7":48.4439854115,"f8":50.9375790753,"f9":67.6126262923,"f10":74.1085671837,"f11":84.4692394658,"f12":88.2690382552,"f13":99.9846109798,"f14":110.0747649506,"f15":115.6500115112}}