{"columns":["Prediccion","holtwinters"],"index":[1535760000000,1535846400000,1535932800000,1536019200000,1536105600000,1536192000000,1536278400000,1536364800000,1536451200000,1536537600000,1536624000000,1536710400000,1536796800000,1536883200000,1536969600000],"data":[[655.6296386719,473.8317999533],[640.2618408203,477.2101265454],[613.0401611328,450.5578109442],[644.794128418,441.3464635346],[640.6702270508,442.8115372092],[641.9866333008,431.6801285535],[678.5686035156,430.6291693916],[711.5412597656,424.7766954893],[723.5216064453,410.5131818459],[744.002746582,421.8258360551],[734.2269287109,409.6692461377],[729.2847900391,397.8546142733],[750.1877441406,390.1856581674],[762.5517578125,392.3396337537],[740.7354736328,404.9872693878]]}