{"columns":["Prediccion","holtwinters"],"index":[1536710400000,1536796800000,1536883200000,1536969600000,1537056000000,1537142400000,1537228800000,1537315200000,1537401600000,1537488000000,1537574400000,1537660800000,1537747200000,1537833600000,1537920000000],"data":[[515.4288330078,488.5024769596],[514.4702758789,485.5263674348],[515.0466918945,491.7125146039],[537.8090209961,508.7360520396],[541.2774047852,550.4932475226],[549.8923950195,530.071272174],[550.944152832,497.3431569243],[578.5147705078,512.2175555662],[579.4357299805,494.1130086632],[612.2652587891,515.2825077924],[619.5127563477,521.9078050279],[624.0017700195,506.3946846922],[652.8466186523,490.0070729631],[662.5466308594,490.5163017404],[645.703918457,472.0717593427]]}