{"RMSE":{"f1":0.0410862158,"f2":0.0551963851,"f3":0.0496763395,"f4":0.0548845881,"f5":0.0623188692,"f6":0.0833798533,"f7":0.0850449796,"f8":0.0883913396,"f9":0.0866709278,"f10":0.0831185934,"f11":0.0809282902,"f12":0.0757056074,"f13":0.0748099522,"f14":0.0691827155,"f15":0.0630779275}}