Simulacion,RMSE
f1,0.04108621576897028
f2,0.055196385096769274
f3,0.04967633953743192
f4,0.05488458807479923
f5,0.062318869224489246
f6,0.08337985333039512
f7,0.08504497962252139
f8,0.08839133961011444
f9,0.08667092776559403
f10,0.08311859343800475
f11,0.08092829020666352
f12,0.07570560737944997
f13,0.07480995215075269
f14,0.06918271547137973
f15,0.06307792753178854
