{"columns":["Prediccion","holtwinters"],"index":[1536710400000,1536796800000,1536883200000,1536969600000,1537056000000,1537142400000,1537228800000,1537315200000,1537401600000,1537488000000,1537574400000,1537660800000,1537747200000,1537833600000,1537920000000],"data":[[5291.5146484375,6592.4867654984],[5278.5922851562,6568.4487817578],[5269.3994140625,6519.1449231069],[5339.779296875,6470.4967228456],[5290.5698242188,6437.3162435092],[5538.021484375,6355.8991094642],[5557.2944335938,6229.2106753582],[5452.3051757812,6246.6383936593],[5460.7958984375,6180.6725245934],[5530.8432617188,6161.0951905103],[5595.5795898438,6189.2455252843],[5476.849609375,6137.5836594269],[5538.791015625,6070.2341675168],[5686.5727539062,6068.6371198186],[5757.755859375,6017.2956173051]]}