{"columns":["Prediccion","holtwinters"],"index":[1535760000000,1535846400000,1535932800000,1536019200000,1536105600000,1536192000000,1536278400000,1536364800000,1536451200000,1536537600000,1536624000000,1536710400000,1536796800000,1536883200000,1536969600000],"data":[[319.4641113281,237.1273401869],[318.1580200195,233.1797880733],[311.844909668,222.3466392235],[317.1490783691,215.9078218036],[315.0300598145,212.858568021],[315.6613464355,208.076715252],[311.8381347656,203.3192980886],[305.3833618164,199.1163359693],[318.4386291504,194.0808190542],[319.0076904297,192.2731256741],[324.0370483398,183.5937991139],[320.8757324219,175.0511945441],[326.7543945312,169.496131651],[328.3737487793,163.2987623551],[327.5628662109,157.6901742959]]}