{"columns":["Prediccion","holtwinters"],"index":[1536710400000,1536796800000,1536883200000,1536969600000,1537056000000,1537142400000,1537228800000,1537315200000,1537401600000,1537488000000,1537574400000,1537660800000,1537747200000,1537833600000,1537920000000],"data":[[233.8842010498,199.4878752763],[230.3516693115,195.0186403888],[228.1024780273,189.8160048484],[230.1328430176,185.3500371314],[229.1132507324,181.5531499443],[236.5062866211,174.8014664268],[235.3330230713,158.2942355169],[222.4173278809,155.8333464314],[233.8433685303,148.2189886259],[236.8850402832,147.2960182213],[237.0234680176,141.287983106],[243.0703430176,131.9070329136],[247.0554962158,121.6421627439],[245.550201416,120.482353729],[259.933013916,113.8109705564]]}