{"RMSE":{"f1":35.7036298407,"f2":38.2668807712,"f3":42.9207771236,"f4":50.2901719933,"f5":54.0869207713,"f6":64.3752089506,"f7":69.4996681314,"f8":61.5757413274,"f9":74.4306508257,"f10":77.3858204084,"f11":78.8394733407,"f12":86.9587856367,"f13":96.6071800438,"f14":98.6674574459,"f15":120.24096213}}