{"RMSE":{"f1":86.4338426549,"f2":77.3801984399,"f3":72.5291409075,"f4":108.739332204,"f5":122.6297910114,"f6":138.85690323,"f7":185.8888417205,"f8":232.8402619477,"f9":266.3852129349,"f10":300.9210644904,"f11":305.8892636025,"f12":315.6902041871,"f13":350.6899399673,"f14":383.1114174189,"f15":376.6120195991}}