{"columns":["Prediccion","holtwinters"],"index":[1535760000000,1535846400000,1535932800000,1536019200000,1536105600000,1536192000000,1536278400000,1536364800000,1536451200000,1536537600000,1536624000000,1536710400000,1536796800000,1536883200000,1536969600000],"data":[[0.291903466,0.2762268121],[0.2916784286,0.2766594224],[0.2887075841,0.2610768248],[0.2904837132,0.2581619149],[0.2772104144,0.2556091925],[0.2374625206,0.2540483893],[0.2269171774,0.2472990095],[0.2265419066,0.2434218534],[0.2243338674,0.2419019382],[0.2254458815,0.2581257335],[0.2319737673,0.2493908766],[0.2375176996,0.2417686033],[0.2330858558,0.2384820672],[0.2457134873,0.2328069641],[0.258390367,0.2338728921]]}