{"RMSE":{"f1":80.2208041104,"f2":86.3584231894,"f3":96.6432537702,"f4":127.5936984037,"f5":138.1802717387,"f6":157.6151130192,"f7":173.3259716854,"f8":207.7433720986,"f9":216.0257830546,"f10":257.1433165435,"f11":271.5195843014,"f12":288.9622404048,"f13":333.0057516566,"f14":359.2637760526,"f15":361.7881649767}}