{"columns":["Prediccion","holtwinters"],"index":[1535760000000,1535846400000,1535932800000,1536019200000,1536105600000,1536192000000,1536278400000,1536364800000,1536451200000,1536537600000,1536624000000,1536710400000,1536796800000,1536883200000,1536969600000],"data":[[6085.9296875,6547.0421835452],[6248.892578125,6622.4344571877],[6325.7138671875,6639.0569257606],[6360.9077148438,6537.978878858],[6299.8959960938,6473.0686494602],[6303.0219726562,6496.4115628756],[6332.8334960938,6515.1942538753],[6408.078125,6468.5491576768],[6411.8032226562,6406.0940914123],[6432.3315429688,6390.7453745595],[6518.5141601562,6395.2252327671],[6484.052734375,6418.8205071534],[6503.3681640625,6392.5165525497],[6453.380859375,6340.5610995454],[6474.0205078125,6289.0069228789]]}