{"RMSE":{"f1":866.6438410396,"f2":887.8676667575,"f3":907.71534559,"f4":850.5387223005,"f5":909.9110761847,"f6":758.9774522494,"f7":793.601406483,"f8":877.0831822667,"f9":906.4198105043,"f10":909.5210471646,"f11":922.4008702849,"f12":978.7316424133,"f13":1014.7410634444,"f14":1108.4115139716,"f15":1205.0426147849}}