{"RMSE":{"f1":956.1153526441,"f2":838.4309252351,"f3":842.2974387584,"f4":872.6185996943,"f5":937.3532387783,"f6":959.4537145619,"f7":1002.8552400064,"f8":1063.9050956751,"f9":1119.8888180887,"f10":1165.060952676,"f11":1269.803638017,"f12":1272.6683733041,"f13":1339.4602281266,"f14":1371.1763037576,"f15":1441.4665529417}}