Simulacion,RMSE
f1,956.1153526441096
f2,838.4309252351438
f3,842.2974387584391
f4,872.6185996942704
f5,937.3532387782595
f6,959.4537145618909
f7,1002.8552400064438
f8,1063.9050956751082
f9,1119.8888180887013
f10,1165.060952676044
f11,1269.8036380170367
f12,1272.668373304133
f13,1339.460228126584
f14,1371.1763037575818
f15,1441.466552941712
