{"columns":["Prediccion","holtwinters"],"index":[1536710400000,1536796800000,1536883200000,1536969600000,1537056000000,1537142400000,1537228800000,1537315200000,1537401600000,1537488000000,1537574400000,1537660800000,1537747200000,1537833600000,1537920000000],"data":[[0.234722659,0.2837905059],[0.2211366445,0.2824006269],[0.2288772613,0.2786207006],[0.2234670967,0.2815804328],[0.2159762233,0.2798707978],[0.1915654838,0.2914251132],[0.1892861277,0.2818198743],[0.1857133955,0.2834666522],[0.1879558116,0.2745001914],[0.1909933239,0.2781197921],[0.1924882531,0.282000445],[0.1977900416,0.2918876207],[0.1990136355,0.2910912367],[0.2059589028,0.3171702078],[0.2238406092,0.3116378842]]}