{"bitcoin": {"RMSE": 866.6438410396402, "MinimoPrecio": 5269.3994140625, "MaximoPrecio": 5757.755859375, "Performance": 30.039231654575893, "Volatilidad": 147.0773773598203, "VolatilidadRelativa": 60.233617789442825, "RMSEHW": 483.36136562818353}, "ethereum": {"RMSE": 35.70362984069607, "MinimoPrecio": 222.41732788085938, "MaximoPrecio": 259.9330139160156, "Performance": 1.5823088509695868, "Volatilidad": 8.954842520509127, "VolatilidadRelativa": 47.739191079259335, "RMSEHW": 53.54301561233349}, "ripple": {"RMSE": 0.04108621576897028, "MinimoPrecio": 0.18571339547634125, "MaximoPrecio": 0.23472265899181366, "Performance": -0.0017578774797064917, "Volatilidad": 0.01642989469346322, "VolatilidadRelativa": 67.04811913068737, "RMSEHW": 0.07235683500009238}, "bitcoin-cash": {"RMSE": 80.22080411037552, "MinimoPrecio": 514.4702758789062, "MaximoPrecio": 662.546630859375, "Performance": 11.507491847446985, "Volatilidad": 50.78799108773177, "VolatilidadRelativa": 68.59703035563065, "RMSEHW": 102.8562804624587}, "General": {"MaxPerformance": {"Moneda": "bitcoin", "Performance": 30.039231654575893}, "MinPerformance": {"Moneda": "ripple", "Performance": -0.0017578774797064917}, "MaxVolatilidad": {"Moneda": "bitcoin", "Volatilidad": 147.0773773598203}, "MinVolatilidad": {"Moneda": "ripple", "Volatilidad": 0.01642989469346322}}}