{"bitcoin": {"RMSE": 956.1153526441096, "MinimoPrecio": 6085.9296875, "MaximoPrecio": 6518.51416015625, "Performance": 22.56378696986607, "Volatilidad": 111.15223112657945, "VolatilidadRelativa": 51.38983858762112, "RMSEHW": 2687.4866430026236}, "ethereum": {"RMSE": 17.879911720434457, "MinimoPrecio": 305.38336181640625, "MaximoPrecio": 328.3737487792969, "Performance": 0.8848351614815847, "Volatilidad": 6.152097685181862, "VolatilidadRelativa": 53.518870257487364, "RMSEHW": 148.79856371127138}, "ripple": {"RMSE": 0.05030759171569226, "MinimoPrecio": 0.22433386743068695, "MaximoPrecio": 0.29190346598625183, "Performance": -0.004152430593967437, "Volatilidad": 0.026627154927247487, "VolatilidadRelativa": 78.81400954410297, "RMSEHW": 0.17455419502911665}, "bitcoin-cash": {"RMSE": 86.43384265485989, "MinimoPrecio": 613.0401611328125, "MaximoPrecio": 762.5517578125, "Performance": 10.295843723842074, "Volatilidad": 48.78977491188951, "VolatilidadRelativa": 65.26553925635126, "RMSEHW": 384.0123260340302}, "General": {"MaxPerformance": {"Moneda": "bitcoin", "Performance": 22.56378696986607}, "MinPerformance": {"Moneda": "ripple", "Performance": -0.004152430593967437}, "MaxVolatilidad": {"Moneda": "bitcoin", "Volatilidad": 111.15223112657945}, "MinVolatilidad": {"Moneda": "ripple", "Volatilidad": 0.026627154927247487}}}