{"RMSE":{"f1":0.0503075917,"f2":0.0497583247,"f3":0.0529690655,"f4":0.051903977,"f5":0.062323651,"f6":0.0890158944,"f7":0.0970734883,"f8":0.0964734529,"f9":0.0976830964,"f10":0.0951999687,"f11":0.088771353,"f12":0.0827914665,"f13":0.0854646134,"f14":0.0759883358,"f15":0.0698063015}}